<?xml version="1.0" encoding="UTF-8"?>
<project-private xmlns="http://www.netbeans.org/ns/project-private/1">
    <editor-bookmarks xmlns="http://www.netbeans.org/ns/editor-bookmarks/2" lastBookmarkId="0"/>
    <open-files xmlns="http://www.netbeans.org/ns/projectui-open-files/2">
        <group>
            <file>file:/F:/IDB-J2EE/AdvanceJava/Project/MyOne/src/com/controller/FindBusController.java</file>
            <file>file:/F:/IDB-J2EE/AdvanceJava/Project/MyOne/src/com/dao/FindBusDao.java</file>
            <file>file:/F:/IDB-J2EE/AdvanceJava/Project/MyOne/src/com/service/FindBusService.java</file>
        </group>
    </open-files>
</project-private>
